Cairo,District-1,1500,6500
Cairo,District-2,6500,11500
Cairo,District-3,11500,16500
Cairo,District-4,16500,21500
Cairo,District-5,21500,26500
Cairo,District-6,26500,31500
Alexandria,District-1,31500,36500
Alexandria,District-2,36500,41500
Alexandria,District-3,41500,46500
Alexandria,District-4,1500,6500
Alexandria,District-5,6500,11500
Alexandria,District-6,11500,16500
Giza,District-1,16500,21500
Giza,District-2,21500,26500
Giza,District-3,26500,31500
Giza,District-4,31500,36500
Giza,District-5,36500,41500
Giza,District-6,41500,46500
New Cairo,District-1,1500,6500
New Cairo,District-2,6500,11500
New Cairo,District-3,11500,16500
New Cairo,District-4,16500,21500
New Cairo,District-5,21500,26500
New Cairo,District-6,26500,31500
6th of October,District-1,31500,36500
6th of October,District-2,36500,41500
6th of October,District-3,41500,46500
6th of October,District-4,1500,6500
6th of October,District-5,6500,11500
6th of October,District-6,11500,16500
Mansoura,District-1,16500,21500
Mansoura,District-2,21500,26500
Mansoura,District-3,26500,31500
Mansoura,District-4,31500,36500
Mansoura,District-5,36500,41500
Mansoura,District-6,41500,46500
Tanta,District-1,1500,6500
Tanta,District-2,6500,11500
Tanta,District-3,11500,16500
Tanta,District-4,16500,21500
Tanta,District-5,21500,26500
Tanta,District-6,26500,31500
Aswan,District-1,31500,36500
Aswan,District-2,36500,41500
Aswan,District-3,41500,46500
Aswan,District-4,1500,6500
Aswan,District-5,6500,11500
Aswan,District-6,11500,16500
Luxor,District-1,16500,21500
Luxor,District-2,21500,26500
Luxor,District-3,26500,31500
Luxor,District-4,31500,36500
Luxor,District-5,36500,41500
Luxor,District-6,41500,46500
Sheikh Zayed,District-1,1500,6500
Sheikh Zayed,District-2,6500,11500
Sheikh Zayed,District-3,11500,16500
Sheikh Zayed,District-4,16500,21500
Sheikh Zayed,District-5,21500,26500
Sheikh Zayed,District-6,26500,31500
